product_id,title,product_type,market,unit_price,n_reviews,cost,medical,dietary,nutrition,design,curiosity,coolness,seasonal,eco_friendly,trendsetter,mood
15814225101184,Productivity Drink - White Peach,Productivity Drink,neutonic-web,2.5,0,1.0,0.6,0.6,0.0,0.0,0.6,0.0,0.0,0.0,1.0,0.6
15688841298304,Creatine Sticks - Strawberry Lime (7 pack) [US],Creatine,NEUTONIC US,2.57,1,1.0,1.0,0.0,1.0,0.0,0.0,0.0,0.0,0.0,1.0,0.0
15688829534592,Creatine Sticks - Pineapple (7 pack) [US],Creatine,NEUTONIC US,2.57,0,1.0,0.6,0.0,0.6,0.0,0.0,0.0,0.0,0.0,1.0,0.0
15688814068096,Creatine Sachets - Strawberry Lime (7 Pack),Creatine,neutonic-web,1.43,0,1.0,0.6,0.0,0.6,0.0,0.0,0.0,0.0,0.0,1.0,0.0
15688807678336,Creatine Sachets - Pineapple (7 Pack),Creatine,neutonic-web,1.43,0,1.0,0.6,0.0,0.6,0.0,0.0,0.0,0.0,0.0,1.0,0.0
15310275805568,Creatine Sachets - Unflavoured (30 Pack),Creatine,neutonic-web,1.0,23,1.0,0.97,0.0,0.91,0.0,0.1,0.0,0.0,0.1,0.0,0.0
15134384619904,Focus Blend - Watermelon Mint,Focus Blend,neutonic-web,28.99,9,0.0,1.0,0.73,0.13,0.87,0.6,0.0,0.0,0.13,0.0,0.13
15780916232576,Focus Pouch Single - Fresh Mint [US],Focus Pouches,NEUTONIC US,5.4,14,1.0,1.0,0.09,0.0,0.0,1.0,0.09,0.0,0.09,1.0,0.09
15310278951296,Creatine Sachets - Pineapple (30 Pack),Creatine,neutonic-web,1.0,50,1.0,1.0,0.0,1.0,0.0,0.0,0.05,0.0,0.12,0.05,0.05
15310281998720,Creatine Sachets - Strawberry Lime (30 Pack),Creatine,neutonic-web,1.0,65,1.0,0.9,0.0,0.88,0.04,0.04,0.06,0.0,0.07,0.0,0.06
15310297563520,Creatine Sticks - Unflavoured (30 Pack) [AU],Creatine,NEUTONIC AUS,1.67,5,1.0,1.0,0.0,1.0,0.0,0.0,0.0,0.0,0.0,0.0,0.0
15780911546752,Focus Pouch Single - Fresh Mint,Focus Pouches,neutonic-web,5.4,34,1.0,0.99,0.0,0.04,0.0,0.85,0.04,0.0,0.14,1.0,0.14
15513143378304,Productivity Drink - Mixed Flavors,Productivity Drink,NEUTONIC US,3.33,9,1.0,0.4,0.0,0.0,0.0,0.0,0.0,0.0,0.13,0.0,1.0
15549988667776,Smarter Energy Drink - Tropical Ice,Productivity Drink,NEUTONIC AUS,3.0,51,1.0,0.84,0.6,0.65,0.0,0.02,0.0,0.0,0.02,0.05,0.88
15549992698240,Smarter Energy Drink - Orange Sunrise,Productivity Drink,NEUTONIC AUS,3.0,46,1.0,0.83,0.6,0.6,0.0,0.03,0.03,0.0,0.08,0.08,0.91
15438378172800,All-Day Productivity Bundle,,NEUTONIC US,107.97,0,0.0,0.0,0.0,0.0,0.0,0.0,0.0,0.0,0.0,0.0,0.6
15413411971456,All-Day Energy Bundle,,NEUTONIC US,65.98,0,0.0,0.0,0.0,0.0,0.0,0.0,0.0,0.0,0.0,0.0,0.6
15413417509248,Ultimate Body + Brain Bundle,,NEUTONIC US,110.97,0,0.0,0.6,0.0,0.0,0.0,0.0,0.0,0.0,0.0,0.0,0.0
15438379614592,Best Sellers Bundle,,NEUTONIC US,143.96,0,0.0,0.0,0.0,0.0,0.0,0.0,0.0,0.0,0.0,0.0,0.0
15431114916224,Workday Focus Bundle,,Neutonic,64.99,0,0.0,0.6,0.0,0.0,0.0,0.0,0.0,0.0,0.0,0.0,0.0
15413390475648,All-Day Energy Bundle,,Neutonic,54.99,0,0.0,0.0,0.0,0.0,0.0,0.0,0.0,0.0,0.0,0.0,0.6
15481952665984,Productivity Drink - 48 cans,Productivity Drink,neutonic-web,2.5,0,1.0,0.0,0.0,0.0,0.0,0.0,0.0,0.0,0.0,0.0,0.6
15431085654400,All-Day Productivity Bundle,,Neutonic,88.99,0,0.0,0.0,0.0,0.0,0.0,0.0,0.0,0.0,0.0,0.0,0.6
15431088177536,Performance & Focus Variety Bundle,,Neutonic,83.99,0,0.0,0.6,0.0,0.0,0.0,0.0,0.0,0.0,0.0,0.0,0.0
15413395751296,Ultimate Body + Brain Bundle,,Neutonic,83.99,0,0.0,0.6,0.0,0.0,0.0,0.0,0.0,0.0,0.0,0.0,0.0
15431091782016,Best Sellers Bundle,,Neutonic,114.99,0,0.0,0.0,0.0,0.0,0.0,0.0,0.0,0.0,0.0,0.0,0.0
15471063859584,Focus Pouches - Fresh Mint,Focus Pouches,neutonic-web,26.99,55,0.0,0.77,0.6,0.0,0.0,1.0,0.02,0.0,0.11,0.04,0.13
15470978269568,Focus Pouches - Fresh Mint [US],Focus Pouches,NEUTONIC US,26.99,28,0.0,0.86,0.6,0.6,0.64,0.9,0.0,0.0,0.13,0.09,0.73
15470854078848,Nootropicks - 5 Pack,Nootropicks,neutonic-web,4.0,3,1.0,0.6,0.0,0.0,0.0,0.0,0.0,0.0,0.0,0.0,0.0
15470829994368,Nootropicks - 5 Pack [US],Nootropicks,NEUTONIC US,3.9,3,1.0,0.6,0.0,0.0,0.0,0.0,0.0,0.0,0.0,0.0,0.0
15431118389632,Focus Duo Bundle,,Neutonic,64.5,0,0.0,0.6,0.0,0.0,0.0,0.0,0.0,0.0,0.0,0.0,0.0
15413386936704,Performance & Focus Bundle,,Neutonic,66.99,1,0.0,0.6,0.0,0.0,0.0,0.0,0.0,0.0,0.4,0.0,0.4
15438382825856,Focus Duo Bundle,,NEUTONIC US,71.98,0,0.0,0.6,0.0,0.0,0.0,0.0,0.0,0.0,0.0,0.0,0.0
15413410431360,Performance & Focus Bundle,,NEUTONIC US,74.98,0,0.0,0.6,0.0,0.0,0.0,0.0,0.0,0.0,0.0,0.0,0.0
15386787873152,Brain Capsules [AE],Brain Capsules,neutonic-uae,44.99,0,0.0,0.6,0.6,0.6,0.0,0.0,0.0,0.0,0.0,0.0,0.6
9149208985908,Brain Capsules,Brain Capsules,neutonic-web,44.99,56,0.0,1.0,0.66,0.02,0.02,0.02,0.02,0.02,0.19,0.06,0.3
15413413839232,Caffeine-Free All-Day Energy Bundle,,NEUTONIC US,56.98,0,0.0,0.0,0.6,0.0,0.0,0.0,0.0,0.0,0.0,0.0,0.6
15413393260928,Caffeine-Free All-Day Energy Bundle,,Neutonic,53.99,0,0.0,0.0,0.6,0.0,0.0,0.0,0.0,0.0,0.0,0.0,0.6
15310255653248,Creatine Sticks - Strawberry Lime (30 Pack) [US],Creatine,NEUTONIC US,1.33,10,1.0,1.0,0.0,1.0,0.6,0.0,0.0,0.0,0.0,0.0,0.0
15310255194496,Creatine Sticks - Pineapple (30 Pack) [US],Creatine,NEUTONIC US,1.33,3,1.0,1.0,0.0,1.0,0.6,0.0,0.0,0.0,0.0,0.0,0.0
15310255128960,Creatine Sticks - Unflavored (30 Pack) [US],Creatine,NEUTONIC US,1.33,2,1.0,1.0,0.0,1.0,1.0,0.0,0.0,0.0,0.0,0.0,0.0
15351561519488,Productivity Drink - Mixed Flavours,Productivity Drink,neutonic-web,2.75,71,1.0,0.37,0.0,0.03,0.0,0.12,0.02,0.0,0.2,0.02,0.8
15193429967232,Productivity Drink - Strawberry Lemonade [US],Productivity Drink,NEUTONIC US,3.0,9,1.0,1.0,0.0,0.6,0.0,0.0,0.0,0.0,0.13,0.0,0.87
15202964930944,Productivity Drink - Strawberry Lemonade,Productivity Drink,neutonic-web,2.5,196,1.0,1.0,0.64,0.03,0.02,0.08,0.04,0.0,0.17,0.1,1.0
15135241765248,Productivity Drink - Blue Raspberry [US],Productivity Drink,NEUTONIC US,3.0,13,1.0,0.97,0.0,0.6,0.0,0.0,0.0,0.0,0.09,0.0,0.78
15202956968320,Productivity Drink - Blue Raspberry,Productivity Drink,neutonic-web,2.5,50,1.0,0.79,0.62,0.02,0.0,0.02,0.0,0.0,0.1,0.05,0.79
15134387929472,Focus Blend - Watermelon Mint [US],Focus Blend,NEUTONIC US,26.99,3,0.0,1.0,0.6,0.6,0.0,0.6,0.0,0.0,0.0,0.0,0.0
15082705158528,Focus Blend Starter Pack,Focus Blend,NEUTONIC US,67.98,0,0.0,0.6,0.6,0.6,0.6,0.6,0.0,0.0,0.0,0.0,0.0
9149210460468,Focus Blend - Peach Mango,Focus Blend,neutonic-web,28.99,12,0.0,1.0,0.7,0.0,0.8,0.0,0.0,0.0,0.1,0.0,0.3
9149209608500,Focus Blend - Wild Berry,Focus Blend,neutonic-web,28.99,51,0.0,1.0,0.79,0.12,0.65,0.72,0.0,0.02,0.16,0.0,0.19
9143261135156,Focus Blend - Wild Berry [US],Focus Blend,NEUTONIC US,26.99,5,0.0,1.0,0.6,0.6,0.0,0.6,0.0,0.0,0.0,0.0,0.24
9143260905780,Focus Blend - Peach Mango [US],Focus Blend,NEUTONIC US,26.99,9,0.0,1.0,0.6,0.73,0.0,0.13,0.0,0.0,0.27,0.0,0.27
9143261266228,Brain Capsules [US],Brain Capsules,NEUTONIC US,49.99,7,0.0,1.0,0.6,0.6,0.0,0.17,0.17,0.0,0.17,0.0,0.94
8799704154420,Productivity Drink - Tropical Ice [US],Productivity Drink,NEUTONIC US,3.0,32,1.0,1.0,0.0,0.6,0.0,0.04,0.0,0.0,0.15,0.0,0.97
8400185033012,Productivity Drink - Tropical Ice,Productivity Drink,neutonic-web,2.5,401,1.0,1.0,0.67,0.04,0.06,0.14,0.02,0.01,0.15,0.08,1.0
8758066512180,Productivity Drink - Wild Citrus [US],Productivity Drink,NEUTONIC US,3.0,18,1.0,0.93,0.0,0.6,0.0,0.87,0.0,0.0,0.13,0.0,0.87
8758066053428,Productivity Drink - Orange Sunrise [US],Productivity Drink,NEUTONIC US,3.0,28,1.0,0.86,0.04,0.64,0.13,0.0,0.0,0.0,0.17,0.04,0.9
8400184672564,Productivity Drink - Wild Citrus,Productivity Drink,neutonic-web,2.5,70,1.0,0.86,0.62,0.03,0.0,0.63,0.0,0.0,0.03,0.0,0.74
8400184410420,Productivity Drink - Orange Sunrise,Productivity Drink,neutonic-web,2.5,77,1.0,0.88,0.62,0.03,0.0,0.05,0.02,0.0,0.06,0.05,0.85
