product_id,handle,title,product_type,market_vendor,tags,variant_titles,variant_count,price_min,price_max,compare_at_max,any_available,created_at,published_at,updated_at,url,description
15814225101184,productivity-drink-white-peach,Productivity Drink - White Peach,Productivity Drink,neutonic-web,DRINK; hero; returnable: cans,12 Cans,1,29.99,29.99,29.99,True,2026-07-01T16:23:16+01:00,2026-09-24T06:55:47+01:00,2026-10-03T15:35:45+01:00,https://www.neutonic.com/products/productivity-drink-white-peach,"With premium science backed nootropics, 120mg of natural caffeine, and zero sugar, our productivity drink is formulated for function. Redefine what you expect from an energy drink."
15688841298304,creatine-strawberry-7-pack-us,Creatine Sticks - Strawberry Lime (7 pack) [US],Creatine,NEUTONIC US,hero,Default Title,1,18.0,18.0,,False,2026-04-09T10:52:31+01:00,2026-08-04T14:49:10+01:00,2026-10-03T15:35:45+01:00,https://www.neutonic.com/products/creatine-strawberry-7-pack-us,
15688829534592,creatine-pineapple-7-pack,Creatine Sticks - Pineapple (7 pack) [US],Creatine,NEUTONIC US,hero,Default Title,1,18.0,18.0,,False,2026-04-09T10:44:29+01:00,2026-08-04T14:49:08+01:00,2026-10-03T15:35:45+01:00,https://www.neutonic.com/products/creatine-pineapple-7-pack,
15688814068096,creatine-strawberry-7-pack-uk,Creatine Sachets - Strawberry Lime (7 Pack),Creatine,neutonic-web,hero,Default Title,1,9.99,9.99,,False,2026-04-09T10:28:58+01:00,2026-08-04T14:49:06+01:00,2026-10-03T15:35:45+01:00,https://www.neutonic.com/products/creatine-strawberry-7-pack-uk,
15688807678336,creatine-pineapple-7-pack-uk,Creatine Sachets - Pineapple (7 Pack),Creatine,neutonic-web,hero,Default Title,1,9.99,9.99,,False,2026-04-09T10:25:38+01:00,2026-08-04T14:49:01+01:00,2026-10-03T15:35:45+01:00,https://www.neutonic.com/products/creatine-pineapple-7-pack-uk,
15310275805568,creatine-sachets-unflavoured-uk-master,Creatine Sachets - Unflavoured (30 Pack),Creatine,neutonic-web,hero,Default Title,1,29.99,29.99,,True,2025-08-27T16:36:45+01:00,2026-07-20T08:43:47+01:00,2026-10-03T15:35:45+01:00,https://www.neutonic.com/products/creatine-sachets-unflavoured-uk-master,"Contains 30 sachets. Fuel your training with 5g of pure Creatine Monohydrate per sachet, in a clean and mixable format built for consistent daily use."
15134384619904,watermelon-mint-16pk,Focus Blend - Watermelon Mint,Focus Blend,neutonic-web,BLEND; Caffeine Free; hero,Default Title,1,28.99,28.99,,False,2025-04-08T17:13:52+01:00,2026-07-02T21:26:55+01:00,2026-10-03T15:35:45+01:00,https://www.neutonic.com/products/watermelon-mint-16pk,"16 sachets of our premium focus formula in a caffeine-free powder sachet to be mixed into water. The Focus Blend is made for those who want nootropic support on their own terms, designed to support mental performance, concentration and cognitive function without any caffeine."
15780916232576,focus-pouches-fresh-mint-single-pack,Focus Pouch Single - Fresh Mint [US],Focus Pouches,NEUTONIC US,,Default Title,1,5.4,5.4,,True,2026-06-04T17:12:35+01:00,2026-06-26T14:56:18+01:00,2026-10-03T15:35:45+01:00,https://www.neutonic.com/products/focus-pouches-fresh-mint-single-pack,
15310278951296,creatine-sachets-pineapple-uk-master,Creatine Sachets - Pineapple (30 Pack),Creatine,neutonic-web,hero; UK,Default Title,1,29.99,29.99,,False,2025-08-27T16:38:09+01:00,2026-06-25T11:31:07+01:00,2026-10-03T15:35:45+01:00,https://www.neutonic.com/products/creatine-sachets-pineapple-uk-master,"Contains 30 sachets. Fuel your training with 5g of pure Creatine Monohydrate per sachet, in a clean and mixable format built for consistent daily use."
15310281998720,creatine-sachets-strawberry-uk-master,Creatine Sachets - Strawberry Lime (30 Pack),Creatine,neutonic-web,hero; UK,Default Title,1,29.99,29.99,,False,2025-08-27T16:39:46+01:00,2026-06-25T11:30:50+01:00,2026-10-03T15:35:45+01:00,https://www.neutonic.com/products/creatine-sachets-strawberry-uk-master,"Contains 30 sachets. Fuel your training with 5g of pure Creatine Monohydrate per sachet, in a clean and mixable format built for consistent daily use."
15310297563520,creatine-sticks-unflavoured-aus-30-count-aud,Creatine Sticks - Unflavoured (30 Pack) [AU],Creatine,NEUTONIC AUS,creatine,Default Title,1,49.99,49.99,,True,2025-08-27T16:56:44+01:00,2026-06-21T20:55:28+01:00,2026-10-03T15:35:45+01:00,https://www.neutonic.com/products/creatine-sticks-unflavoured-aus-30-count-aud,
15780911546752,focus-pouches-fresh-mint-single-puck,Focus Pouch Single - Fresh Mint,Focus Pouches,neutonic-web,,Default Title,1,5.4,5.4,,True,2026-06-04T17:02:02+01:00,2026-06-17T10:21:44+01:00,2026-10-03T15:35:45+01:00,https://www.neutonic.com/products/focus-pouches-fresh-mint-single-puck,
15513143378304,mixed-flavours-12-cans,Productivity Drink - Mixed Flavors,Productivity Drink,NEUTONIC US,DRINK; easy-bundle; returnable: cans; smart-cart-hide-bundle-options,12 Cans,1,39.99,39.99,,True,2026-01-06T10:24:32+00:00,2026-05-21T12:41:46+01:00,2026-10-03T15:35:45+01:00,https://www.neutonic.com/products/mixed-flavours-12-cans,"Our best selling flavours all in one pack. 3 x Tropical Ice, 3 x Orange Sunrise, 3 x Strawberry Lemonade and 3 x Blue Raspberry."
15549988667776,productivity-drink-aus-trop,Smarter Energy Drink - Tropical Ice,Productivity Drink,NEUTONIC AUS,Caffeine; DRINK; hero; returnable: cans,12 Cans,1,35.99,35.99,,True,2026-02-05T12:02:19+00:00,2026-05-13T12:23:30+01:00,2026-10-03T15:35:45+01:00,https://www.neutonic.com/products/productivity-drink-aus-trop,"A research-backed energy drink made with natural caffeine, zero sugar and natural flavours. Each can features a carefully selected blend of ingredients including Citicoline, Rhodiola Rosea Extract, L-Theanine, Panax Ginseng Extract and added B-Vitamins."
15549992698240,productivity-drink-aus-orange,Smarter Energy Drink - Orange Sunrise,Productivity Drink,NEUTONIC AUS,Caffeine; DRINK; hero; returnable: cans,12 Cans,1,35.99,35.99,,True,2026-02-05T12:05:02+00:00,2026-05-13T12:23:05+01:00,2026-10-03T15:35:45+01:00,https://www.neutonic.com/products/productivity-drink-aus-orange,"A research-backed energy drink made with natural caffeine, zero sugar and natural flavours. Each can features a carefully selected blend of ingredients including Citicoline, Rhodiola Rosea Extract, L-Theanine, Panax Ginseng Extract and added B-Vitamins."
15438378172800,all-day-productivity-bundle-1,All-Day Productivity Bundle,,NEUTONIC US,bundle_and_save; returnable: cans,Default Title,1,107.97,107.97,,True,2025-11-18T10:30:50+00:00,2026-05-11T13:56:49+01:00,2026-10-03T15:35:45+01:00,https://www.neutonic.com/products/all-day-productivity-bundle-1,
15413411971456,all-day-energy-bundle-1,All-Day Energy Bundle,,NEUTONIC US,bundle-and-save; bundle_and_save; returnable: cans,Default Title,1,65.98,65.98,,False,2025-11-04T10:10:26+00:00,2026-05-11T13:56:13+01:00,2026-10-03T15:35:45+01:00,https://www.neutonic.com/products/all-day-energy-bundle-1,
15413417509248,ultimate-body-brain-bundle-1,Ultimate Body + Brain Bundle,,NEUTONIC US,bundle-and-save; bundle_and_save; returnable: cans,Default Title,1,110.97,110.97,,True,2025-11-04T10:12:49+00:00,2026-05-11T13:55:50+01:00,2026-10-03T15:35:45+01:00,https://www.neutonic.com/products/ultimate-body-brain-bundle-1,
15438379614592,best-sellers-bundle-1,Best Sellers Bundle,,NEUTONIC US,bundle_and_save; returnable: cans,Default Title,1,143.96,143.96,,True,2025-11-18T10:32:57+00:00,2026-05-11T13:55:21+01:00,2026-10-03T15:35:45+01:00,https://www.neutonic.com/products/best-sellers-bundle-1,
15431114916224,workday-focus-bundle,Workday Focus Bundle,,Neutonic,bundle-and-save; bundle_and_save; returnable: cans,Default Title,1,64.99,64.99,74.98,True,2025-11-12T17:07:53+00:00,2026-05-11T12:09:09+01:00,2026-10-03T15:35:45+01:00,https://www.neutonic.com/products/workday-focus-bundle,
15413390475648,all-day-energy-bundle,All-Day Energy Bundle,,Neutonic,bundle-and-save; bundle_and_save; returnable: cans,Default Title,1,54.99,54.99,59.98,False,2025-11-04T09:56:49+00:00,2026-05-11T12:07:54+01:00,2026-10-03T15:35:45+01:00,https://www.neutonic.com/products/all-day-energy-bundle,
15481952665984,blue-raspberry-bundle,Productivity Drink - 48 cans,Productivity Drink,neutonic-web,returnable: cans,Default Title,1,119.96,119.96,149.95,True,2025-12-15T17:05:10+00:00,2026-05-11T12:06:37+01:00,2026-10-03T15:35:45+01:00,https://www.neutonic.com/products/blue-raspberry-bundle,
15431085654400,all-day-productivity-bundle,All-Day Productivity Bundle,,Neutonic,bundle-and-save; bundle_and_save; returnable: cans,Default Title,1,88.99,88.99,103.97,True,2025-11-12T16:53:00+00:00,2026-05-11T12:06:05+01:00,2026-10-03T15:35:45+01:00,https://www.neutonic.com/products/all-day-productivity-bundle,
15431088177536,performance-focus-variety-bundle,Performance & Focus Variety Bundle,,Neutonic,bundle-and-save; bundle_and_save; returnable: cans,Default Title,1,83.99,83.99,91.97,False,2025-11-12T16:54:38+00:00,2026-05-11T12:05:37+01:00,2026-10-03T15:35:45+01:00,https://www.neutonic.com/products/performance-focus-variety-bundle,
15413395751296,ultimate-body-brain-bundle,Ultimate Body + Brain Bundle,,Neutonic,bundle-and-save; bundle_and_save; returnable: cans,Default Title,1,83.99,83.99,104.97,True,2025-11-04T09:59:41+00:00,2026-05-11T12:05:08+01:00,2026-10-03T15:35:45+01:00,https://www.neutonic.com/products/ultimate-body-brain-bundle,
15431091782016,best-sellers-bundle,Best Sellers Bundle,,Neutonic,bundle-and-save; bundle_and_save; returnable: cans,Default Title,1,114.99,114.99,133.96,False,2025-11-12T16:56:32+00:00,2026-05-11T12:04:03+01:00,2026-10-03T15:35:45+01:00,https://www.neutonic.com/products/best-sellers-bundle,
15471063859584,focus-pouches-5-pack-mint-uk,Focus Pouches - Fresh Mint,Focus Pouches,neutonic-web,UK,Default Title,1,26.99,26.99,,True,2025-12-08T12:35:50+00:00,2026-04-09T11:54:20+01:00,2026-10-03T15:35:45+01:00,https://www.neutonic.com/products/focus-pouches-5-pack-mint-uk,"5 pack of nicotine-free Focus Pouches that deliver natural caffeine and research-backed nootropics to support concentration¹, alertness² and mental performance⁶ on the go."
15470978269568,focus-pouches-5-pack-mint-us,Focus Pouches - Fresh Mint [US],Focus Pouches,NEUTONIC US,,Default Title,1,26.99,26.99,,True,2025-12-08T12:12:33+00:00,2026-04-09T11:54:19+01:00,2026-10-03T15:35:45+01:00,https://www.neutonic.com/products/focus-pouches-5-pack-mint-us,"5 pack of Focus Pouches designed for productivity* on the go. Combining Cognizin®, Natural Caffeine and B-Vitamins to support your mental performance*."
15470854078848,nootropicks-5-pack-uk,Nootropicks - 5 Pack,Nootropicks,neutonic-web,,Default Title,1,19.99,19.99,,True,2025-12-08T11:47:40+00:00,2026-02-26T14:22:01+00:00,2026-10-03T15:35:45+01:00,https://www.neutonic.com/products/nootropicks-5-pack-uk,
15470829994368,nootropicks-5-pack-us,Nootropicks - 5 Pack [US],Nootropicks,NEUTONIC US,,Default Title,1,19.5,19.5,,True,2025-12-08T11:37:24+00:00,2026-02-26T14:22:00+00:00,2026-10-03T15:35:45+01:00,https://www.neutonic.com/products/nootropicks-5-pack-us,
15431118389632,focus-duo-bundle,Focus Duo Bundle,,Neutonic,bundle-and-save; bundle_and_save; CAPSULE,Default Title,1,64.5,64.5,73.98,False,2025-11-12T17:10:51+00:00,2026-02-06T19:14:59+00:00,2026-10-03T15:35:45+01:00,https://www.neutonic.com/products/focus-duo-bundle,
15413386936704,performance-focus-bundle,Performance & Focus Bundle,,Neutonic,bundle-and-save; bundle_and_save; CAPSULE,Default Title,1,66.99,66.99,74.98,False,2025-11-04T09:55:39+00:00,2026-02-06T19:04:37+00:00,2026-10-03T15:35:45+01:00,https://www.neutonic.com/products/performance-focus-bundle,
15438382825856,focus-duo-bundle-1,Focus Duo Bundle,,NEUTONIC US,bundle_and_save; CAPSULE,Default Title,1,71.98,71.98,,True,2025-11-18T10:37:24+00:00,2026-02-06T18:49:42+00:00,2026-10-03T15:35:45+01:00,https://www.neutonic.com/products/focus-duo-bundle-1,
15413410431360,performance-focus-bundle-1,Performance & Focus Bundle,,NEUTONIC US,bundle-and-save; bundle_and_save; CAPSULE; returnable: cans,Default Title,1,74.98,74.98,,False,2025-11-04T10:09:13+00:00,2026-02-06T18:49:40+00:00,2026-10-03T15:35:45+01:00,https://www.neutonic.com/products/performance-focus-bundle-1,
15386787873152,brain-capsules-uae,Brain Capsules [AE],Brain Capsules,neutonic-uae,BLEND; Caffeine Free; CAPSULE; unreturnable,90 Capsules,1,44.99,44.99,,True,2025-10-21T16:29:56+01:00,2026-01-21T11:41:17+00:00,2026-10-03T15:35:45+01:00,https://www.neutonic.com/products/brain-capsules-uae,"This is Neutonic. Brain capsules made with the sole purpose of making you more productive. Packed with researched-backed ingredients to help you improve your focus and attention so you can get things done. Each 3 capsule serving contains our premier blend of nootropics: Cognizin ® 500mg, Rhodiola Rosea 400mg, Bacopa Monnieri 300mg, Panax Ginseng 200mg and 120mg of Ginkgo Biloba, and as well as 100% RI of 8 B Vitamins."
9149208985908,neutonic-capsules-uk,Brain Capsules,Brain Capsules,neutonic-web,BLEND; Caffeine Free; CAPSULE; UK; unreturnable,90 Capsules,1,44.99,44.99,,True,2024-09-24T12:09:53+01:00,2025-11-20T15:37:11+00:00,2026-10-03T15:35:45+01:00,https://www.neutonic.com/products/neutonic-capsules-uk,"Caffeine-free daily capsules containing our highest-strength nootropic formula to support mental performance, concentration and cognitive function as part of a consistent daily routine."
15413413839232,caffeine-free-all-day-energy-bundle-1,Caffeine-Free All-Day Energy Bundle,,NEUTONIC US,bundle-and-save; bundle_and_save,Default Title,1,56.98,56.98,,True,2025-11-04T10:11:39+00:00,2025-11-18T11:43:34+00:00,2026-10-03T15:35:45+01:00,https://www.neutonic.com/products/caffeine-free-all-day-energy-bundle-1,
15413393260928,caffeine-free-all-day-energy-bundle,Caffeine-Free All-Day Energy Bundle,,Neutonic,bundle-and-save; bundle_and_save,Default Title,1,53.99,53.99,58.98,False,2025-11-04T09:58:18+00:00,2025-11-18T10:08:23+00:00,2026-10-03T15:35:45+01:00,https://www.neutonic.com/products/caffeine-free-all-day-energy-bundle,
15310255653248,creatine-sticks-strawberry-us-30-count,Creatine Sticks - Strawberry Lime (30 Pack) [US],Creatine,NEUTONIC US,GNC; hero,Default Title,1,39.99,39.99,,False,2025-08-27T16:23:59+01:00,2025-11-05T11:47:27+00:00,2026-10-03T15:35:45+01:00,https://www.neutonic.com/products/creatine-sticks-strawberry-us-30-count,"30 sticks of our creatine blend designed to support strength, power and training performance. Each stick delivers 5g of creatine monohydrate for simple, consistent daily use."
15310255194496,creatine-sticks-pineapple-us-30-count,Creatine Sticks - Pineapple (30 Pack) [US],Creatine,NEUTONIC US,GNC; hero,Default Title,1,39.99,39.99,,False,2025-08-27T16:23:15+01:00,2025-11-05T11:47:27+00:00,2026-10-03T15:35:45+01:00,https://www.neutonic.com/products/creatine-sticks-pineapple-us-30-count,"30 sticks of our creatine blend designed to support strength, power and training performance. Each stick delivers 5g of creatine monohydrate for simple, consistent daily use."
15310255128960,creatine-sticks-unflavoured-us-30-count,Creatine Sticks - Unflavored (30 Pack) [US],Creatine,NEUTONIC US,GNC; hero,Default Title,1,39.99,39.99,,True,2025-08-27T16:22:38+01:00,2025-11-05T11:47:27+00:00,2026-10-03T15:35:45+01:00,https://www.neutonic.com/products/creatine-sticks-unflavoured-us-30-count,"30 sticks of our creatine blend designed to support strength, power and training performance. Each stick delivers 5g of creatine monohydrate for simple, consistent daily use."
15351561519488,productivity-drink-12-variety-pack,Productivity Drink - Mixed Flavours,Productivity Drink,neutonic-web,DRINK; easy-bundle; returnable: cans; smart-cart-hide-bundle-options; UK,12 Cans,1,32.99,32.99,,True,2025-09-26T14:40:26+01:00,2025-10-23T15:44:31+01:00,2026-10-03T15:35:45+01:00,https://www.neutonic.com/products/productivity-drink-12-variety-pack,"Our best selling Productivity Drink flavours all in one pack. 3 x Tropical Ice, 3 x Orange Sunrise, 3 x Strawberry Lemonade and 3 x Blue Raspberry."
15193429967232,productivity-drink-strawberry-lemonade-us,Productivity Drink - Strawberry Lemonade [US],Productivity Drink,NEUTONIC US,GNC; hero; returnable: cans,12 Cans,1,35.99,35.99,,True,2025-06-05T09:14:00+01:00,2025-08-27T12:09:26+01:00,2026-10-03T15:35:45+01:00,https://www.neutonic.com/products/productivity-drink-strawberry-lemonade-us,"A researched-backed blend of nootropic ingredients to help you improve your focus and attention so you can get things done. Each can contains our premier blend of nootropics: Cognizin® 500mg, Rhodiola Rosea 400mg, L-Theanine 400mg and 200mg of Panax Ginseng, as well as 120mg of Caffeine and 100% DV of 8 B Vitamins. Product comes in a case of 12 FL OZ (355ml) cans, shrink wrapped."
15202964930944,productivity-drink-12-cans-strawberry-lemonade,Productivity Drink - Strawberry Lemonade,Productivity Drink,neutonic-web,DRINK; hero; returnable: cans; UK,12 Cans,1,29.99,29.99,29.99,True,2025-06-13T11:44:22+01:00,2025-08-27T11:47:32+01:00,2026-10-03T15:35:45+01:00,https://www.neutonic.com/products/productivity-drink-12-cans-strawberry-lemonade,"With premium science backed nootropics, 120mg of natural caffeine, and zero sugar, our productivity drink is formulated for function. Redefine what you expect from an energy drink."
15135241765248,productivity-drink-blue-raspberry-us,Productivity Drink - Blue Raspberry [US],Productivity Drink,NEUTONIC US,GNC; hero; returnable: cans,12 Cans,1,35.99,35.99,,True,2025-04-09T18:00:45+01:00,2025-07-24T14:03:10+01:00,2026-10-03T15:35:45+01:00,https://www.neutonic.com/products/productivity-drink-blue-raspberry-us,"A nootropic drink to improve focus and attention, featuring Cognizin®, Rhodiola, L-Theanine, Panax Ginseng, Caffeine and B-Vitamins."
15202956968320,blue-raspberry-productivity-drink-12-cans,Productivity Drink - Blue Raspberry,Productivity Drink,neutonic-web,DRINK; hero; returnable: cans; UK,12 Cans,1,29.99,29.99,29.99,True,2025-06-13T11:32:11+01:00,2025-07-24T13:57:29+01:00,2026-10-03T15:35:45+01:00,https://www.neutonic.com/products/blue-raspberry-productivity-drink-12-cans,"With premium science backed nootropics, 120mg of natural caffeine, and zero sugar, our productivity drink is formulated for function. Redefine what you expect from an energy drink."
15134387929472,watermelon-mint-16pk-usa,Focus Blend - Watermelon Mint [US],Focus Blend,NEUTONIC US,BLEND; Caffeine Free; GNC; hero,Default Title,1,26.99,26.99,,True,2025-04-08T17:16:56+01:00,2025-06-18T13:17:42+01:00,2026-10-03T15:35:45+01:00,https://www.neutonic.com/products/watermelon-mint-16pk-usa,"16 Sticks of our caffeine-free nootropic blend to support focus and attention on the go. Formulated with Cognizin®, Rhodiola, Panax Ginseng and B-Vitamins."
15082705158528,focus-blend-starter-pack-bundle-us,Focus Blend Starter Pack,Focus Blend,NEUTONIC US,BLEND; Caffeine Free,Default Title,1,67.98,67.98,82.97,True,2025-02-12T09:14:24+00:00,2025-02-19T15:52:20+00:00,2026-10-03T15:35:45+01:00,https://www.neutonic.com/products/focus-blend-starter-pack-bundle-us,"Neutonic Focus Blend Starter Pack. An on-the-go focus boost designed to be enjoyed anytime, anywhere. This caffeine-free powder contains a blend of 3 nootropics that support mental performance and 8 B-vitamins that support physical well-being. FREE Whisk, perfect for achieving the optimal blend. Each sachet contains our premier blend of nootropics: Cognizin ® 500mg, Rhodiola Rosea 400mg, and 200mg of Panax Ginseng, as well as 100% RI of 8 B Vitamins. Starter Pack contains 16 x Peach Mango sachets & 16 x Wild Berry sachets and Whisk"
9149210460468,focus-blend-peach-mango-16-pack,Focus Blend - Peach Mango,Focus Blend,neutonic-web,BLEND; Caffeine Free; hero; UK,Default Title,1,28.99,28.99,,True,2024-09-24T12:13:03+01:00,2025-01-16T09:07:29+00:00,2026-10-03T15:35:45+01:00,https://www.neutonic.com/products/focus-blend-peach-mango-16-pack,"16 sachets of our premium focus formula in a caffeine-free powder sachet to be mixed into water. The Focus Blend is made for those who want nootropic support on their own terms, designed to support mental performance, concentration and cognitive function without any caffeine."
9149209608500,focus-blend-wild-berry-16-pack,Focus Blend - Wild Berry,Focus Blend,neutonic-web,BLEND; Caffeine Free; hero; UK,Default Title,1,28.99,28.99,,True,2024-09-24T12:11:20+01:00,2025-01-16T09:07:27+00:00,2026-10-03T15:35:45+01:00,https://www.neutonic.com/products/focus-blend-wild-berry-16-pack,"16 sachets of our premium focus formula in a caffeine-free powder sachet to be mixed into water. The Focus Blend is made for those who want nootropic support on their own terms, designed to support mental performance, concentration and cognitive function without any caffeine."
9143261135156,focus-blend-wild-berry-16-pack-us,Focus Blend - Wild Berry [US],Focus Blend,NEUTONIC US,BLEND; Caffeine Free; GNC; hero,Default Title,1,26.99,26.99,,True,2024-09-09T15:01:21+01:00,2025-01-16T09:07:25+00:00,2026-10-03T15:35:45+01:00,https://www.neutonic.com/products/focus-blend-wild-berry-16-pack-us,"16 Sticks of our caffeine-free nootropic blend to support focus and attention on the go. Formulated with Cognizin®, Rhodiola, Panax Ginseng and B-Vitamins."
9143260905780,neutonic-powder-peach-mango-us-16-pack,Focus Blend - Peach Mango [US],Focus Blend,NEUTONIC US,BLEND; Caffeine Free; GNC; hero,Default Title,1,26.99,26.99,,True,2024-09-09T14:59:20+01:00,2025-01-16T09:07:25+00:00,2026-10-03T15:35:45+01:00,https://www.neutonic.com/products/neutonic-powder-peach-mango-us-16-pack,"16 Sticks of our caffeine-free nootropic blend to support focus and attention on the go. Formulated with Cognizin®, Rhodiola, Panax Ginseng and B-Vitamins."
9143261266228,neutonic-capsules-us,Brain Capsules [US],Brain Capsules,NEUTONIC US,Caffeine Free; CAPSULE; GNC; unreturnable,90 Capsules,1,49.99,49.99,,True,2024-09-09T15:03:19+01:00,2024-11-18T06:01:36+00:00,2026-10-03T15:35:45+01:00,https://www.neutonic.com/products/neutonic-capsules-us,"Brain capsules made with the sole purpose of making you more productive. Packed with researched-backed ingredients to help you improve your focus and attention so you can get things done. Each 3 capsule serving contains our premier blend of nootropics: Cognizin ® 500mg, Rhodiola Rosea 400mg, Bacopa Monnieri 300mg, Panax Ginseng 200mg and 120mg of Ginkgo Biloba, and as well as 100% DV of 8 B Vitamins."
8799704154420,tropical-ice-12pk-us,Productivity Drink - Tropical Ice [US],Productivity Drink,NEUTONIC US,Caffeine; DRINK; GNC; hero; returnable: cans,12 Cans,1,35.99,35.99,,True,2023-11-16T09:40:24+00:00,2024-01-12T15:53:42+00:00,2026-10-03T15:35:45+01:00,https://www.neutonic.com/products/tropical-ice-12pk-us,"A nootropic drink to improve focus and attention, featuring Cognizin®, Rhodiola, L-Theanine, Panax Ginseng, Caffeine and B-Vitamins."
8400185033012,tropical-ice-12pk,Productivity Drink - Tropical Ice,Productivity Drink,neutonic-web,Caffeine; DRINK; hero; returnable: cans; UK,12 Cans,1,29.99,29.99,,True,2023-07-14T15:11:35+01:00,2023-11-17T21:13:28+00:00,2026-10-03T15:35:45+01:00,https://www.neutonic.com/products/tropical-ice-12pk,"With premium science backed nootropics, 120mg of natural caffeine, and zero sugar, our productivity drink is formulated for function. Redefine what you expect from an energy drink."
8758066512180,wild-citrus-12-pack-us,Productivity Drink - Wild Citrus [US],Productivity Drink,NEUTONIC US,Caffeine; DRINK; GNC; hero; returnable: cans,12 Cans,1,35.99,35.99,,True,2023-11-01T14:19:30+00:00,2023-11-01T14:19:30+00:00,2026-10-03T15:35:45+01:00,https://www.neutonic.com/products/wild-citrus-12-pack-us,"A nootropic drink to improve focus and attention, featuring Cognizin®, Rhodiola, L-Theanine, Panax Ginseng, Caffeine and B-Vitamins."
8758066053428,orange-sunrise-12-pack-us,Productivity Drink - Orange Sunrise [US],Productivity Drink,NEUTONIC US,Caffeine; DRINK; GNC; hero; returnable: cans,12 Cans,1,35.99,35.99,,True,2023-11-01T14:19:14+00:00,2023-11-01T14:19:14+00:00,2026-10-03T15:35:45+01:00,https://www.neutonic.com/products/orange-sunrise-12-pack-us,"A nootropic drink to improve focus and attention, featuring Cognizin®, Rhodiola, L-Theanine, Panax Ginseng, Caffeine and B-Vitamins."
8400184672564,wild-citrus-productivity-drink,Productivity Drink - Wild Citrus,Productivity Drink,neutonic-web,Caffeine; DRINK; hero; returnable: cans; UK,12 Cans,1,29.99,29.99,,True,2023-07-14T15:11:00+01:00,2023-07-25T14:01:40+01:00,2026-10-03T15:35:45+01:00,https://www.neutonic.com/products/wild-citrus-productivity-drink,"With premium science backed nootropics, 120mg of natural caffeine, and zero sugar, our productivity drink is formulated for function. Redefine what you expect from an energy drink."
8400184410420,orange-sunrise-productivity-drink,Productivity Drink - Orange Sunrise,Productivity Drink,neutonic-web,Caffeine; DRINK; hero; returnable: cans; UK,12 Cans,1,29.99,29.99,,False,2023-07-14T15:10:35+01:00,2023-07-25T14:01:39+01:00,2026-10-03T15:35:45+01:00,https://www.neutonic.com/products/orange-sunrise-productivity-drink,"With premium science backed nootropics, 120mg of natural caffeine, and zero sugar, our productivity drink is formulated for function. Redefine what you expect from an energy drink."
