group_id,group_name,products_in_group,star_rating,review_count,stars_1,stars_2,stars_3,stars_4,stars_5
8400184410420,Tag: returnable: cans,productivity-drink-white-peach; mixed-flavours-12-cans; productivity-drink-aus-trop; productivity-drink-aus-orange; all-day-productivity-bundle-1; all-day-energy-bundle-1; ultimate-body-brain-bundle-1; best-sellers-bundle-1; workday-focus-bundle; all-day-energy-bundle; blue-raspberry-bundle; all-day-productivity-bundle; performance-focus-variety-bundle; ultimate-body-brain-bundle; best-sellers-bundle; performance-focus-bundle-1; productivity-drink-12-variety-pack; productivity-drink-strawberry-lemonade-us; productivity-drink-12-cans-strawberry-lemonade; productivity-drink-blue-raspberry-us; blue-raspberry-productivity-drink-12-cans; tropical-ice-12pk-us; tropical-ice-12pk; wild-citrus-12-pack-us; orange-sunrise-12-pack-us; wild-citrus-productivity-drink; orange-sunrise-productivity-drink,4.89,1104,8,2,8,63,1023
15310297563520,Type: Creatine,creatine-strawberry-7-pack-us; creatine-pineapple-7-pack; creatine-strawberry-7-pack-uk; creatine-pineapple-7-pack-uk; creatine-sachets-unflavoured-uk-master; creatine-sachets-pineapple-uk-master; creatine-sachets-strawberry-uk-master; creatine-sticks-unflavoured-aus-30-count-aud; creatine-sticks-strawberry-us-30-count; creatine-sticks-pineapple-us-30-count; creatine-sticks-unflavoured-us-30-count,4.65,171,7,1,4,21,138
9143260905780,Tag: BLEND,watermelon-mint-16pk; watermelon-mint-16pk-usa; focus-blend-starter-pack-bundle-us; focus-blend-peach-mango-16-pack; focus-blend-wild-berry-16-pack; focus-blend-wild-berry-16-pack-us; neutonic-powder-peach-mango-us-16-pack,4.89,131,0,0,2,11,118
15471063859584,Type: Focus Pouches,focus-pouches-fresh-mint-single-pack; focus-pouches-fresh-mint-single-puck; focus-pouches-5-pack-mint-uk; focus-pouches-5-pack-mint-us,4.61,131,5,4,0,19,103
15470854078848,Nootropicks - 5 Pack,nootropicks-5-pack-uk,4.33,3,0,0,0,2,1
15470829994368,Nootropicks - 5 Pack [US],nootropicks-5-pack-us,4.67,3,0,0,0,1,2
9143261266228,Tag: CAPSULE,focus-duo-bundle; performance-focus-bundle; focus-duo-bundle-1; brain-capsules-uae; neutonic-capsules-uk; neutonic-capsules-us,4.89,64,1,0,1,1,61
15413413839232,Caffeine-Free All-Day Energy Bundle,caffeine-free-all-day-energy-bundle-1,,0,0,0,0,0,0
15413393260928,Caffeine-Free All-Day Energy Bundle,caffeine-free-all-day-energy-bundle,,0,0,0,0,0,0
